State,Waiting for Adoption 2010,Waiting for Adoption 2011,Waiting for Adoption 2012,Waiting for Adoption 2013,Waiting for Adoption 2014,Waiting for Adoption 2015,Waiting for Adoption 2016,Waiting for Adoption 2017,Waiting for Adoption 2018,Waiting for Adoption 2019,Parental Rights Terminated 2010,Parental Rights Terminated 2011,Parental Rights Terminated 2012,Parental Rights Terminated 2013,Parental Rights Terminated 2014,Parental Rights Terminated 2015,Parental Rights Terminated 2016,Parental Rights Terminated 2017,Parental Rights Terminated 2018,Parental Rights Terminated 2019,Adopted 2010,Adopted 2011,Adopted 2012,Adopted 2013,Adopted 2014,Adopted 2015,Adopted 2016,Adopted 2017,Adopted 2018,Adopted 2019,Served 2010,Served 2011,Served 2012,Served 2013,Served 2014,Served 2015,Served 2016,Served 2017,Served 2018,Served 2019,STATEFP20,Adopted Over Waiting for Adoption 2010,Parental Rights Terminated Over Waiting For Adoption 2010,Adopted Over Waiting for Adoption 2011,Parental Rights Terminated Over Waiting For Adoption 2011,Adopted Over Waiting for Adoption 2012,Parental Rights Terminated Over Waiting For Adoption 2012,Adopted Over Waiting for Adoption 2013,Parental Rights Terminated Over Waiting For Adoption 2013,Adopted Over Waiting for Adoption 2014,Parental Rights Terminated Over Waiting For Adoption 2014,Adopted Over Waiting for Adoption 2015,Parental Rights Terminated Over Waiting For Adoption 2015,Adopted Over Waiting for Adoption 2016,Parental Rights Terminated Over Waiting For Adoption 2016,Adopted Over Waiting for Adoption 2017,Parental Rights Terminated Over Waiting For Adoption 2017,Adopted Over Waiting for Adoption 2018,Parental Rights Terminated Over Waiting For Adoption 2018,Adopted Over Waiting for Adoption 2019,Parental Rights Terminated Over Waiting For Adoption 2019,Score,Grade,Abortion Overview,"Maternal Deaths Per 100,000 Births"
Alabama,1271,1297,1156,1084,1044,1020,1075,1268,1346,1688,757,701,543,615,573,461,421,533,514,523,606,447,587,532,544,512,503,504,712,738,8119,8395,7907,7322,7520,7989,8381,9012,9512,9741,1,0.4767899291896145,0.5955940204563336,0.3446414803392444,0.5404780262143408,0.5077854671280276,0.4697231833910034,0.4907749077490775,0.5673431734317343,0.5210727969348659,0.5488505747126436,0.5019607843137255,0.4519607843137255,0.4679069767441861,0.3916279069767442,0.3974763406940064,0.4203470031545741,0.5289747399702823,0.3818722139673105,0.4372037914691943,0.30983412322274884,10,F,significantly restricted,36.4
Alaska,696,720,805,866,704,783,949,1032,1006,951,381,389,387,399,366,356,425,432,430,375,336,293,309,328,367,357,312,366,353,396,2750,2669,2727,2842,3109,3659,3868,4085,4032,4216,2,0.4827586206896552,0.5474137931034483,0.4069444444444445,0.5402777777777777,0.3838509316770186,0.4807453416149069,0.3787528868360277,0.4607390300230947,0.5213068181818182,0.5198863636363636,0.4559386973180077,0.454661558109834,0.3287671232876712,0.4478398314014753,0.3546511627906977,0.4186046511627907,0.3508946322067594,0.4274353876739563,0.41640378548895896,0.3943217665615142,20,D-,neither,12.4
Arizona,2673,2822,2914,3579,3641,4060,4713,4749,4216,3876,2174,2220,2299,2692,2841,3006,3379,3295,2966,2687,2045,2275,2275,2522,3090,3236,3654,4298,3926,3373,17110,18142,21267,23854,26253,28557,29090,26897,23909,22689,4,0.7650579872802095,0.8133183688739244,0.8061658398299079,0.7866761162296244,0.7807137954701441,0.7889498970487303,0.7046661078513551,0.7521654093322157,0.8486679483658336,0.7802801428179071,0.7970443349753694,0.7403940886699507,0.7753023551877785,0.7169531084235095,0.9050326384502,0.6938302800589597,0.9312144212523721,0.7035104364326376,0.8702270381836945,0.6932404540763674,20,D-,significantly restricted,27.3
Arkansas,1604,1414,1023,994,1034,1122,1198,1330,1351,1182,812,742,543,642,757,757,795,795,809,787,597,591,703,691,743,740,758,971,1001,984,7474,7506,7513,7411,7211,7759,8285,8545,7811,7230,5,0.3721945137157107,0.5062344139650873,0.417963224893918,0.5247524752475248,0.6871945259042033,0.530791788856305,0.6951710261569416,0.6458752515090543,0.718568665377176,0.7321083172147002,0.6595365418894831,0.6746880570409982,0.6327212020033389,0.6636060100166945,0.7300751879699248,0.5977443609022557,0.7409326424870466,0.5988156920799408,0.8324873096446701,0.6658206429780034,10,F,significantly restricted,37.5
California,14892,14630,13136,15667,14096,14180,14689,15097,14866,14436,7230,6928,6021,6562,6379,6617,6712,7107,7098,7262,6459,5710,5938,5541,5471,6079,6542,6524,6966,6981,92254,86563,84820,86255,87087,87484,85896,80408,78215,77889,6,0.4337228041901692,0.4854955680902498,0.3902939166097061,0.4735475051264525,0.4520401948842874,0.4583587088915956,0.3536733260994447,0.41884215229463206,0.3881242905788877,0.4525397275822928,0.4287023977433004,0.4666431593794076,0.4453672816393219,0.456940567771802,0.4321388355302378,0.4707557792938994,0.4685860352482174,0.4774653571909054,0.4835827098919368,0.5030479357162649,135,A-,protected,4.0
Colorado,1246,1098,917,896,1008,926,1038,953,997,1007,772,557,508,470,499,531,568,514,499,516,983,934,905,782,769,820,839,948,910,919,12866,11990,11184,10542,10309,10449,10630,10577,10283,9742,8,0.7889245585874799,0.6195826645264848,0.8506375227686703,0.5072859744990893,0.9869138495092692,0.5539803707742639,0.8727678571428571,0.5245535714285714,0.7628968253968254,0.4950396825396826,0.8855291576673866,0.5734341252699784,0.8082851637764933,0.5472061657032755,0.994753410283316,0.5393494228751312,0.9127382146439318,0.5005015045135406,0.9126117179741808,0.5124131082423039,20,D-,neither,11.5
Connecticut,1261,1344,1385,1166,1343,1197,1111,1157,1235,1166,614,577,732,608,405,380,380,363,381,352,687,611,490,497,506,573,529,488,497,633,7127,7025,6068,5821,5407,5356,5602,5662,5785,5980,9,0.5448057097541633,0.4869151467089611,0.4546130952380952,0.42931547619047616,0.35379061371841153,0.5285198555956678,0.4262435677530017,0.5214408233276158,0.3767684288905436,0.3015636634400596,0.4786967418546366,0.31746031746031744,0.4761476147614762,0.34203420342034196,0.4217804667242869,0.3137424373379429,0.4024291497975708,0.308502024291498,0.5428816466552315,0.3018867924528302,85,B,protected,10.5
Delaware,253,244,243,218,202,223,254,281,252,163,149,145,148,113,118,120,115,130,121,95,67,95,91,112,84,79,99,108,116,129,1194,1266,1286,1160,980,1006,1163,1190,1089,930,10,0.2648221343873518,0.5889328063241107,0.389344262295082,0.5942622950819673,0.37448559670781895,0.6090534979423868,0.5137614678899083,0.518348623853211,0.4158415841584158,0.5841584158415841,0.3542600896860987,0.5381165919282511,0.38976377952755903,0.452755905511811,0.38434163701067614,0.4626334519572954,0.4603174603174603,0.4801587301587302,0.7914110429447853,0.5828220858895705,10,F,protected,
Florida,5022,4994,5129,3465,5558,5945,6870,7977,9144,9283,2752,2943,3177,3193,3643,3805,4270,4819,5727,5850,3391,2945,3294,3417,3267,3431,3573,3831,4455,4714,33322,34013,34868,33290,33245,36843,39243,39735,39909,39135,12,0.6752289924332935,0.5479888490641179,0.5897076491790149,0.5893071686023228,0.6422304542795867,0.6194189900565412,0.986147186147186,0.9215007215007216,0.5878013673983448,0.6554516012954301,0.5771236333052986,0.6400336417157275,0.5200873362445415,0.6215429403202329,0.4802557352388116,0.6041118214867744,0.4872047244094488,0.6263123359580053,0.5078099752235269,0.6301842076914791,20,D-,neither,22.3
Georgia,1690,1567,1648,1799,1983,2544,2998,3404,3633,3456,822,834,888,813,1171,1056,1001,1876,1900,2028,1196,1071,915,1031,887,912,1121,1401,1469,1668,13333,13203,13618,13526,15011,17447,19312,20037,21050,20176,13,0.7076923076923077,0.4863905325443787,0.6834716017868538,0.5322271857051691,0.5552184466019418,0.5388349514563107,0.5730961645358532,0.4519177320733741,0.44730206757438223,0.5905194150277358,0.3584905660377358,0.4150943396226415,0.3739159439626418,0.3338892595063376,0.4115746180963572,0.5511163337250293,0.4043490228461327,0.5229837599779796,0.4826388888888889,0.5868055555555556,10,F,neither,48.4
Hawaii,351,296,223,154,187,142,177,247,290,278,312,267,196,137,174,119,150,236,276,267,216,198,187,160,121,176,129,152,189,206,2466,2240,2178,2065,2140,2338,2511,2697,2730,2875,15,0.6153846153846154,0.8888888888888888,0.668918918918919,0.902027027027027,0.8385650224215246,0.8789237668161435,1.0389610389610389,0.8896103896103896,0.6470588235294118,0.93048128342246,1.2394366197183098,0.8380281690140845,0.7288135593220338,0.8474576271186439,0.6153846153846154,0.9554655870445344,0.6517241379310345,0.9517241379310344,0.7410071942446043,0.960431654676259,100,B+,protected,12.9
Idaho,389,334,278,328,322,318,390,287,532,557,297,262,186,215,212,216,273,269,345,338,313,259,273,206,218,223,185,258,245,328,2797,2651,2410,2437,2435,2323,2594,2687,2956,3041,16,0.8046272493573264,0.7634961439588689,0.7754491017964071,0.7844311377245509,0.9820143884892086,0.6690647482014388,0.6280487804878049,0.6554878048780488,0.6770186335403726,0.6583850931677019,0.7012578616352201,0.6792452830188679,0.4743589743589744,0.7,0.8989547038327527,0.9372822299651568,0.4605263157894737,0.6484962406015038,0.5888689407540395,0.6068222621184919,10,F,significantly restricted,23.8
Illinois,2953,3151,2813,2988,2903,2806,2966,2848,2710,2767,2611,1963,1689,1766,1638,1653,2522,2469,2292,2215,1214,1217,1803,1356,1616,1788,1546,1777,1754,1747,23854,21606,21250,20684,21009,20903,19998,19722,21118,23032,17,0.4111073484591941,0.8841855739925499,0.3862265947318312,0.6229768327515075,0.6409527195165304,0.6004265908282972,0.4538152610441767,0.5910307898259706,0.5566655184292112,0.5642438856355494,0.6372059871703493,0.5890947968638631,0.5212407282535402,0.8503034389750506,0.6239466292134831,0.8669241573033708,0.6472324723247233,0.8457564575645756,0.6313697144922299,0.8005059631369714,35,C-,protected,14.7
Indiana,3192,2886,2451,2437,2731,2965,3773,4418,4778,4302,1980,1397,1053,970,1023,1226,1197,1276,1573,1606,1458,1556,1713,961,850,1152,1536,1964,2016,2489,21157,19378,18292,18841,21258,24935,29315,32081,30693,27206,18,0.4567669172932331,0.6203007518796992,0.5391545391545391,0.4840609840609841,0.6988984088127295,0.4296205630354957,0.3943372999589659,0.3980303652031186,0.3112413035518125,0.3745880629805932,0.3885328836424958,0.4134907251264756,0.40710310098065206,0.3172541743970315,0.44454504300588493,0.2888184698958805,0.4219338635412305,0.3292172457095019,0.5785681078568108,0.37331473733147374,20,D-,neither,43.6
Iowa,1068,1088,961,964,1050,1014,1111,1137,1206,1358,812,861,772,731,792,734,837,863,924,1012,801,864,1032,917,878,1017,992,1006,1074,1228,11036,10709,10441,10570,10032,9806,8930,9388,9866,9774,19,0.75,0.7602996254681648,0.7941176470588235,0.7913602941176471,1.0738813735691988,0.8033298647242456,0.9512448132780082,0.758298755186722,0.8361904761904762,0.7542857142857143,1.0029585798816567,0.7238658777120316,0.8928892889288929,0.7533753375337534,0.8847845206684257,0.7590149516270889,0.8905472636815921,0.7661691542288557,0.9042709867452136,0.7452135493372607,30,D+,neither,18.3
Kansas,1825,1817,1853,1843,2116,2340,2392,2583,2616,2376,1291,1265,1192,1210,1217,1286,1481,1667,1811,1695,694,781,764,674,695,783,870,674,936,1227,9152,9319,9473,9845,10095,10597,10930,11138,11764,12064,20,0.3802739726027397,0.7073972602739727,0.4298293891029169,0.6962025316455697,0.4123043712898003,0.6432811656772801,0.3657080846446012,0.6565382528486163,0.3284499054820416,0.5751417769376181,0.3346153846153846,0.5495726495726496,0.3637123745819398,0.6191471571906354,0.2609368950832365,0.6453735965931088,0.3577981651376147,0.6922782874617737,0.5164141414141414,0.7133838383838383,10,F,significantly restricted,18.9
Kentucky,1951,1918,1999,2224,2420,2579,2606,2695,2834,3152,1232,1095,1173,1179,1243,1439,1457,1665,1594,1943,754,824,784,797,909,961,1104,1128,1124,1368,12115,11767,11864,12173,12631,12546,13027,13555,15348,15783,21,0.3864684777037417,0.6314710404920554,0.4296141814389989,0.5709071949947863,0.3921960980490245,0.5867933966983492,0.3583633093525179,0.5301258992805755,0.3756198347107438,0.5136363636363637,0.3726250484683986,0.5579682047305157,0.4236377590176516,0.5590943975441289,0.4185528756957329,0.6178107606679035,0.3966125617501765,0.5624558927311221,0.434010152284264,0.6164340101522843,20,D-,significantly restricted,22.9
Louisiana,1091,1162,1089,961,1033,1220,1297,1378,1395,1337,727,809,674,554,593,544,577,678,669,639,641,641,655,731,622,662,727,766,905,895,8101,8069,7513,7384,7910,8293,8145,7904,8020,7237,22,0.5875343721356554,0.6663611365719523,0.5516351118760757,0.6962134251290878,0.6014692378328742,0.6189164370982553,0.7606659729448492,0.5764828303850156,0.6021297192642788,0.57405614714424,0.5426229508196722,0.4459016393442623,0.5605242868157286,0.4448727833461835,0.5558780841799711,0.4920174165457185,0.6487455197132617,0.4795698924731183,0.6694091249065071,0.4779356768885565,60,C+,significantly restricted,58.1
Maine,575,511,480,564,590,666,647,576,482,510,490,449,404,501,510,567,556,502,428,412,276,296,291,214,295,328,399,456,395,294,2387,2081,2179,2453,2652,2763,2758,2651,2651,2997,23,0.48,0.8521739130434782,0.5792563600782779,0.8786692759295499,0.60625,0.8416666666666667,0.3794326241134752,0.8882978723404256,0.5,0.8644067796610171,0.4924924924924925,0.8513513513513513,0.616692426584235,0.8593508500772797,0.7916666666666666,0.8715277777777778,0.8195020746887967,0.8879668049792531,0.5764705882352941,0.807843137254902,75,B-,protected,18.9
Maryland,883,772,559,498,464,508,468,481,385,370,236,238,164,145,129,151,162,159,147,142,644,539,455,355,344,294,361,348,353,291,9747,8627,7931,7061,6429,6045,6017,6119,6210,5789,24,0.7293318233295584,0.26727066817667045,0.6981865284974094,0.3082901554404145,0.813953488372093,0.2933810375670841,0.7128514056224899,0.29116465863453816,0.7413793103448276,0.27801724137931033,0.5787401574803149,0.29724409448818895,0.7713675213675214,0.3461538461538461,0.7234927234927235,0.3305613305613306,0.9168831168831169,0.3818181818181817,0.7864864864864864,0.3837837837837838,10,F,protected,19.7
Massachusetts,2758,2675,2469,2492,2771,3051,3481,3656,3382,3646,1518,1495,1329,1126,1178,1219,1251,1427,1671,1722,725,724,754,799,589,623,669,657,826,998,14919,14083,13640,13652,15002,15947,16679,16752,16457,15801,25,0.2628716461203771,0.5503988397389412,0.27065420560747666,0.5588785046728972,0.30538679627379506,0.5382746051032807,0.32062600321027285,0.4518459069020867,0.2125586430891375,0.42511728617827504,0.20419534578826612,0.3995411340544084,0.1921861534041942,0.35937948865268604,0.17970459518599566,0.3903172866520788,0.24423418095801303,0.4940863394441159,0.2737246297312123,0.4722984092155787,65,C+,neither,8.4
Michigan,5235,4237,3586,3337,3457,3408,3416,3646,3898,3818,4317,3613,3131,2819,3058,3119,3083,3220,3389,3374,2597,2506,2559,2374,2184,1772,2078,1970,1991,2161,25710,23587,22388,22261,21176,19402,18194,18230,18105,17840,26,0.4960840496657116,0.8246418338108883,0.5914562190228936,0.8527259853670051,0.7136084774121584,0.8731176798661461,0.7114174408151034,0.8447707521726101,0.631761643043101,0.8845820075209719,0.5199530516431925,0.915199530516432,0.6083138173302107,0.9025175644028104,0.5403181568842568,0.8831596269884805,0.5107747562852745,0.8694202154951257,0.5660031430068099,0.8837087480356207,20,D-,significantly restricted,19.4
Minnesota,1074,1143,1191,1219,1188,1285,1541,1990,2026,1951,1003,961,1008,1110,1126,1225,1457,1848,1852,1812,627,572,520,583,642,735,899,946,1284,1347,10782,10711,10729,11114,11564,12961,14581,15876,16042,15014,27,0.5837988826815642,0.9338919925512104,0.5004374453193351,0.8407699037620298,0.436607892527288,0.8463476070528967,0.4782608695652174,0.9105824446267432,0.5404040404040404,0.9478114478114478,0.5719844357976653,0.953307392996109,0.5833874107722258,0.945489941596366,0.4753768844221106,0.928643216080402,0.6337611056268511,0.914116485686081,0.690415171706817,0.9287544848795488,70,B-,neither,11.8
Mississippi,843,880,955,1000,1184,1437,1553,1867,1730,1610,451,459,388,353,356,412,445,154,103,519,355,358,425,352,314,312,400,364,431,719,5887,5955,5999,6119,6766,7371,8396,8330,7882,7039,28,0.4211150652431791,0.5349940688018979,0.4068181818181818,0.5215909090909091,0.4450261780104712,0.40628272251308895,0.35200000000000004,0.353,0.2652027027027027,0.3006756756756757,0.2171189979123173,0.2867084203201113,0.25756600128782997,0.2865421764327109,0.19496518478843064,0.08248527048741296,0.2491329479768786,0.059537572254335265,0.446583850931677,0.32236024844720496,10,F,significantly restricted,20.8
Missouri,1992,2056,2067,2162,2325,2513,2584,2825,2783,2745,1008,976,854,862,764,698,764,840,864,895,1170,1212,1228,1233,1291,1357,1591,1541,1798,1820,13744,14639,15460,16191,17760,18678,19332,19030,19218,19327,29,0.5873493975903614,0.5060240963855421,0.5894941634241245,0.4747081712062257,0.5940977261731979,0.413159167876149,0.5703052728954672,0.3987049028677151,0.5552688172043011,0.3286021505376344,0.5399920413847991,0.2777556705133307,0.6157120743034056,0.29566563467492263,0.5454867256637168,0.2973451327433628,0.6460653970535394,0.31045634207689543,0.663023679417122,0.3260473588342441,10,F,significantly restricted,34.6
Montana,495,460,403,498,587,580,633,831,977,1018,350,314,292,369,447,385,439,556,687,672,191,238,225,165,234,310,260,274,396,482,2614,2771,3066,3397,3602,4232,4924,5682,6098,6050,30,0.38585858585858585,0.7070707070707071,0.5173913043478261,0.6826086956521739,0.5583126550868487,0.7245657568238213,0.3313253012048193,0.7409638554216867,0.3986371379897785,0.7614991482112436,0.5344827586206896,0.6637931034482759,0.4107424960505529,0.693522906793049,0.3297232250300842,0.6690734055354994,0.4053224155578301,0.7031729785056294,0.4734774066797642,0.6601178781925344,35,C-,neither,21.0
Nebraska,768,831,904,705,692,709,715,771,817,689,460,486,555,407,463,455,463,451,497,453,437,413,417,586,461,533,483,546,564,560,8552,8362,8055,7749,6339,5956,6186,6564,5962,5643,31,0.5690104166666666,0.5989583333333334,0.4969915764139591,0.5848375451263538,0.46128318584070793,0.6139380530973452,0.8312056737588652,0.5773049645390071,0.6661849710982659,0.6690751445086706,0.7517630465444288,0.6417489421720733,0.6755244755244755,0.6475524475524476,0.7081712062256809,0.5849546044098574,0.6903304773561811,0.6083231334149327,0.8127721335268505,0.6574746008708273,10,F,neither,18.2
Nevada,2094,1970,1880,1957,2067,1999,1619,1672,1664,1667,1087,938,859,721,691,695,692,756,779,885,644,821,776,729,729,799,796,740,760,805,7635,7525,7705,8029,7793,7634,7822,7553,7497,7722,32,0.3075453677172875,0.5191021967526266,0.416751269035533,0.4761421319796954,0.4127659574468085,0.4569148936170213,0.37250894225855896,0.3684210526315789,0.35268505079825835,0.3343009192065796,0.3996998499249625,0.3476738369184592,0.4916615194564546,0.42742433600988267,0.44258373205741625,0.4521531100478469,0.4567307692307692,0.4681490384615384,0.4829034193161368,0.5308938212357528,10,F,protected,8.4
New Hampshire,227,167,182,189,167,177,168,214,270,253,64,25,21,21,40,76,78,109,180,125,173,144,96,110,120,118,87,108,211,278,1368,1216,1166,1282,1465,1597,1810,2039,2140,2111,33,0.7621145374449341,0.28193832599118945,0.8622754491017964,0.1497005988023952,0.5274725274725275,0.1153846153846154,0.582010582010582,0.1111111111111111,0.7185628742514971,0.23952095808383236,0.6666666666666666,0.4293785310734463,0.5178571428571429,0.4642857142857143,0.5046728971962616,0.5093457943925234,0.7814814814814814,0.6666666666666666,1.098814229249012,0.4940711462450593,40,C,neither,
New Jersey,2464,2294,2227,2443,2593,2698,2567,2479,2267,1895,969,689,736,762,869,959,990,963,998,792,1275,1089,1023,927,1024,1072,1185,1106,1054,1162,12080,11215,11582,12043,11847,11617,11019,10131,9382,8116,34,0.5174512987012987,0.39326298701298706,0.474716652136007,0.3003487358326068,0.4593623709025595,0.330489447687472,0.3794514940646746,0.31191158411788783,0.3949093713844967,0.3351330505206325,0.3973313565604151,0.3554484803558191,0.4616283599532528,0.3856641994546163,0.4461476401774909,0.3884630899556273,0.4649316277018086,0.4402293780326423,0.6131926121372032,0.4179419525065963,85,B,neither,38.1
New Mexico,777,786,834,880,990,1134,1263,1424,1205,1194,464,441,411,518,523,507,531,812,597,621,420,351,345,310,315,295,306,311,297,336,3716,3637,3558,3746,4174,4126,4325,4479,4299,3933,35,0.5405405405405406,0.5971685971685972,0.4465648854961832,0.5610687022900763,0.4136690647482014,0.4928057553956834,0.3522727272727273,0.5886363636363636,0.3181818181818182,0.5282828282828282,0.2601410934744268,0.4470899470899471,0.24228028503562946,0.4204275534441805,0.2183988764044944,0.5702247191011236,0.2464730290456432,0.4954356846473029,0.2814070351758794,0.5201005025125628,25,D,significantly restricted,21.5
New York,6603,6417,6061,5843,5463,5271,4832,4578,4233,3806,3348,3266,2925,2811,2694,2605,2386,2243,2134,1756,2205,2214,2182,2184,1997,1933,1949,1762,1697,1648,40026,37344,34541,33526,32276,27890,27314,26316,24991,24054,36,0.3339391185824625,0.5070422535211268,0.3450210378681627,0.5089605734767025,0.3600065995710279,0.4825936314139581,0.3737805921615608,0.4810884819442067,0.36555006406736223,0.4931356397583746,0.3667235818630241,0.4942136217036616,0.40335264900662254,0.4937913907284768,0.38488422892092616,0.4899519440803845,0.4008977084809828,0.5041341837939995,0.4330005254860746,0.4613767735155018,40,C,protected,19.2
North Carolina,2427,2234,2071,2172,2416,2739,2943,2929,2819,2861,1208,1126,1011,975,1123,1210,1284,1434,1255,1211,1615,1463,1329,1222,1176,1311,1501,1528,1522,1546,13607,13404,13163,13401,14345,15011,15687,15501,15241,15676,37,0.6654305727235269,0.4977338277709106,0.6548791405550581,0.5040286481647269,0.6417189763399324,0.4881699661999034,0.5626151012891344,0.4488950276243094,0.4867549668874172,0.46481788079470204,0.4786418400876232,0.4417670682730924,0.5100237852531431,0.43628950050968396,0.5216797541823148,0.4895868897234551,0.5399077687123093,0.4451933309684285,0.5403704998252359,0.42327857392520096,10,F,neither,18.6
North Dakota,227,230,211,237,262,296,355,396,429,421,131,116,116,135,153,172,242,284,332,333,145,119,155,104,96,133,132,162,172,197,1913,1769,1887,2012,2178,2332,2388,2461,2613,2518,38,0.6387665198237885,0.5770925110132159,0.5173913043478261,0.5043478260869565,0.7345971563981043,0.5497630331753555,0.4388185654008439,0.569620253164557,0.36641221374045796,0.583969465648855,0.4493243243243243,0.581081081081081,0.37183098591549296,0.6816901408450704,0.4090909090909091,0.7171717171717171,0.40093240093240096,0.7738927738927739,0.4679334916864608,0.7909738717339667,20,D-,significantly restricted,20.1
Ohio,3013,2789,2655,2976,2942,3010,3201,3373,3579,3677,2687,2484,2277,2591,2644,2643,2730,2936,3117,3290,1438,1420,1250,1244,1406,1334,1449,1538,1566,1665,21025,21540,21233,21435,21859,22533,23646,25195,26744,27440,39,0.4772651842017922,0.8918021905077995,0.5091430620294012,0.8906418070993187,0.4708097928436911,0.8576271186440678,0.4180107526881721,0.8706317204301075,0.477906186267845,0.8987083616587356,0.44318936877076415,0.8780730897009966,0.4526710402999063,0.8528584817244611,0.455973910465461,0.8704417432552624,0.4375523889354568,0.8709136630343671,0.4528147946695676,0.8947511558335601,35,C-,significantly restricted,19.2
Oklahoma,2869,2961,2805,3238,3973,4288,4366,4075,4018,3787,1913,1872,1585,1754,2260,2255,2399,2091,1937,1830,1628,1294,1533,1286,1382,2159,2487,2593,2238,2086,13056,12639,13622,15077,16345,16841,16273,15139,13962,13108,40,0.5674451028232834,0.6667828511676542,0.4370145221209051,0.6322188449848024,0.546524064171123,0.5650623885918004,0.3971587399629401,0.541692402717727,0.3478479738233073,0.5688396677573622,0.5034981343283582,0.5258861940298507,0.5696289509848832,0.5494732020155749,0.636319018404908,0.5131288343558282,0.5569935291189647,0.482080637132902,0.5508317929759704,0.483232109849485,10,F,significantly restricted,21.1
Oregon,1827,1830,1873,1854,1897,1757,1666,1613,1792,1657,1068,1254,1385,1308,1586,1394,1236,1197,1256,1258,780,657,683,768,847,835,768,707,679,792,13263,12991,12515,12226,11062,10899,10816,11149,10912,10342,41,0.4269293924466338,0.5845648604269293,0.3590163934426229,0.6852459016393443,0.3646556326748532,0.7394554191137213,0.4142394822006473,0.7055016181229773,0.4464944649446495,0.8360569319978914,0.4752418895845191,0.7933978372225384,0.46098439375750294,0.7418967587034814,0.4383137011779293,0.7420954742715437,0.37890625,0.7008928571428571,0.4779722389861195,0.7592033796016898,95,B+,protected,12.8
Pennsylvania,2909,2066,1924,1909,1896,2425,3092,3711,3763,3411,1571,1277,1258,1246,1210,1403,1612,2068,2256,1958,2365,2013,1881,1892,1849,1832,1917,2077,2628,2849,32641,25151,23523,22955,24293,25388,25822,26552,26497,25584,42,0.8129941560673771,0.5400481265039533,0.9743465634075508,0.6181026137463698,0.9776507276507276,0.6538461538461539,0.9910948140387638,0.6526977475117863,0.9752109704641352,0.6381856540084389,0.7554639175257732,0.5785567010309278,0.6199870633893921,0.5213454075032341,0.5596874157908921,0.5572621934788466,0.6983789529630614,0.5995216582513951,0.8352389328642627,0.5740252125476399,10,F,neither,18.6
Rhode Island,309,267,222,250,212,303,296,317,316,358,177,148,129,113,103,114,110,108,102,107,184,201,191,162,202,211,279,250,254,184,3466,3209,2935,2902,2973,2948,2868,2863,3109,3058,44,0.5954692556634305,0.5728155339805825,0.7528089887640449,0.5543071161048689,0.8603603603603603,0.581081081081081,0.648,0.452,0.9528301886792452,0.4858490566037736,0.6963696369636964,0.3762376237623761,0.9425675675675677,0.3716216216216216,0.7886435331230284,0.34069400630914826,0.8037974683544303,0.3227848101265823,0.5139664804469274,0.2988826815642458,70,B-,protected,22.1
South Carolina,1699,1415,1336,1226,1211,1213,1344,1470,1591,1568,857,674,585,599,564,540,558,527,594,765,529,588,776,506,449,403,433,487,435,529,8290,7354,6522,5989,6520,7038,7413,7579,8047,8300,45,0.3113596233078281,0.5044143613890524,0.415547703180212,0.4763250883392226,0.5808383233532934,0.43787425149700604,0.4127243066884176,0.4885807504078303,0.3707679603633361,0.4657308009909166,0.3322341302555647,0.4451772464962902,0.3221726190476191,0.41517857142857145,0.33129251700680273,0.3585034013605442,0.2734129478315525,0.3733500942803269,0.33737244897959184,0.4878826530612245,30,D+,neither,27.9
South Dakota,418,376,397,354,336,308,361,365,371,396,337,315,313,281,292,256,284,313,345,358,133,168,126,177,159,121,110,181,183,211,2892,2836,2543,2296,2187,2179,2377,2571,2705,2733,46,0.3181818181818182,0.8062200956937801,0.44680851063829785,0.8377659574468085,0.3173803526448363,0.7884130982367759,0.5,0.7937853107344632,0.4732142857142857,0.8690476190476191,0.3928571428571429,0.8311688311688312,0.3047091412742382,0.7867036011080333,0.4958904109589041,0.8575342465753425,0.4932614555256065,0.9299191374663072,0.5328282828282829,0.904040404040404,10,F,neither,24.5
Tennessee,789,792,949,1077,1178,1268,1301,1322,1625,1743,689,638,779,892,951,1056,1112,1067,999,1014,972,772,813,1160,1162,1112,1225,1260,1248,1166,11026,11289,12225,12844,11929,12188,12480,13246,14170,14371,47,1.2319391634980992,0.8732572877059569,0.9747474747474748,0.8055555555555556,0.8566912539515279,0.8208640674394099,1.0770659238625813,0.8282265552460538,0.9864176570458404,0.8073005093378608,0.8769716088328076,0.8328075709779179,0.9415833973866256,0.8547271329746349,0.9531013615733736,0.8071104387291982,0.768,0.6147692307692307,0.6689615605278256,0.5817555938037866,40,C,neither,26.7
Texas,13108,13481,13154,12991,13238,12643,12377,13443,13822,12932,8748,9120,9001,8807,8825,8879,8330,8549,8888,8578,4709,4718,5039,5443,5221,5457,5723,5361,5748,6105,42658,45826,46505,46286,46777,47492,48963,50331,52361,51097,48,0.3592462618248398,0.6673787000305157,0.3499740375343076,0.6765076774719976,0.3830773909077087,0.6842785464497492,0.4189823724116696,0.677930875221307,0.3943949237044871,0.6666414866294003,0.43162224155659257,0.7022858498774025,0.4623899167811263,0.6730225418114244,0.3987949118500335,0.6359443576582609,0.4158587758645637,0.6430328461872378,0.4720847510052583,0.6633158057531704,10,F,neither,34.5
Utah,553,567,570,612,629,594,630,802,728,684,307,337,307,421,364,295,304,386,387,361,574,577,562,587,605,695,632,665,818,639,4928,4855,4897,4881,5031,5110,4997,5062,4874,4572,49,1.0379746835443038,0.5551537070524413,1.0176366843033509,0.5943562610229277,0.9859649122807016,0.5385964912280702,0.9591503267973857,0.6879084967320261,0.9618441971383148,0.5786963434022258,1.17003367003367,0.4966329966329967,1.0031746031746032,0.4825396825396826,0.8291770573566085,0.4812967581047382,1.1236263736263736,0.5315934065934066,0.9342105263157896,0.5277777777777778,20,D-,neither,16.5
Vermont,180,196,226,213,232,304,387,329,324,331,137,135,159,171,198,193,244,240,233,237,161,134,172,179,164,189,216,287,262,260,1579,1546,1566,1604,1721,2045,2072,2013,2045,1985,50,0.8944444444444445,0.7611111111111111,0.6836734693877551,0.6887755102040817,0.7610619469026548,0.7035398230088495,0.8403755868544601,0.8028169014084507,0.7068965517241379,0.8534482758620692,0.6217105263157895,0.6348684210526315,0.5581395348837209,0.6304909560723514,0.8723404255319149,0.729483282674772,0.8086419753086421,0.7191358024691358,0.7854984894259819,0.716012084592145,75,B-,protected,
Virginia,1562,1372,1519,1503,1532,1708,1886,1826,1766,1934,1267,954,1097,1052,1101,1125,1322,1307,1091,1236,747,755,639,709,632,562,627,801,879,769,8555,7836,7507,7182,7393,7479,7782,7635,7754,7612,51,0.4782330345710628,0.8111395646606914,0.5502915451895044,0.6953352769679301,0.4206714944042133,0.7221856484529295,0.4717232202262142,0.6999334664005322,0.41253263707571797,0.7186684073107049,0.32903981264637,0.6586651053864169,0.3324496288441145,0.7009544008483564,0.4386637458926616,0.7157721796276013,0.4977349943374858,0.6177802944507361,0.3976215098241985,0.6390899689762151,10,F,neither,20.0
Washington,3089,2783,2860,3101,3213,3075,3278,3569,3733,3478,1741,1340,1324,1489,1625,1567,1575,1730,1966,1774,1633,1583,1227,1328,1362,1484,1387,1345,1331,1509,16077,15055,14685,15222,16154,16170,16252,16778,16821,16582,53,0.5286500485594043,0.5636128196827452,0.5688106360043119,0.481494789795185,0.429020979020979,0.4629370629370629,0.4282489519509836,0.4801676878426314,0.4239028944911298,0.5057578586990352,0.4826016260162602,0.5095934959349594,0.4231238560097621,0.4804758999389872,0.3768562622583357,0.4847296161389745,0.35654969193678004,0.5266541655504956,0.43387004025301895,0.5100632547441059,85,B,protected,13.8
West Virginia,1241,1474,1407,1364,1388,1456,2147,2403,2376,2577,1013,1164,1039,1005,1045,1031,1455,1711,1752,1928,662,698,632,877,852,893,940,1069,1399,1675,7085,7505,7394,7906,8069,8417,9440,10441,11567,12026,54,0.5334407735697019,0.8162771958098308,0.4735413839891452,0.7896879240162822,0.44918265813788205,0.738450604122246,0.6429618768328446,0.7368035190615836,0.6138328530259366,0.7528818443804035,0.6133241758241759,0.7081043956043956,0.4378202142524453,0.6776897997205403,0.44486059092800667,0.7120266333749481,0.5888047138047138,0.7373737373737373,0.6499805975941017,0.7481567714396585,10,F,significantly restricted,12.9
Wisconsin,1159,1163,1129,1153,1148,1267,1389,1397,1404,1537,556,643,613,592,586,665,764,726,663,694,755,717,761,800,735,643,669,692,755,711,11035,10833,10785,10852,11158,11451,11621,12226,12539,12278,55,0.6514236410698878,0.4797238999137187,0.6165090283748925,0.5528804815133276,0.6740478299379983,0.5429583702391497,0.6938421509106678,0.5134431916738942,0.6402439024390244,0.5104529616724739,0.5074980268350434,0.5248618784530387,0.4816414686825054,0.5500359971202304,0.4953471725125269,0.5196850393700787,0.5377492877492878,0.4722222222222222,0.4625894599869877,0.4515289525048796,45,C,significantly restricted,13.7
Wyoming,111,130,115,85,81,69,61,69,122,155,55,65,57,26,13,20,22,17,42,28,75,73,81,86,75,74,89,82,75,120,1933,1843,1779,1890,1879,2082,2011,2062,2098,2075,56,0.6756756756756757,0.4954954954954955,0.5615384615384615,0.5,0.7043478260869566,0.4956521739130435,1.0117647058823531,0.3058823529411765,0.925925925925926,0.16049382716049382,1.072463768115942,0.2898550724637681,1.459016393442623,0.3606557377049181,1.1884057971014492,0.2463768115942029,0.6147540983606558,0.3442622950819672,0.7741935483870968,0.18064516129032254,10,F,neither,26.3
